{"a1": [13.988871024875392, 29.999230722960917], "h1": [-13.46318168467873, 30.238801157542138], "h8": [-11.985428695911736, 3.8943018510968015], "a8": [11.915638318373816, 4.102883302988537]}