{"a1": [-12.100877083691126, 4.889071697418868], "h1": [12.806536038124314, 3.193028053724757], "h8": [14.407629688132744, 29.540018497630495], "a8": [-12.216922459604291, 30.237944168972795]}