{"a1": [-13.862574073435594, 5.216309944844979], "h8": [10.893177846601729, 30.03352508816275]}