{"a1": [-12.397839470286991, 4.759084684785705], "h1": [12.399378867475964, 3.7908705508175395], "h8": [14.622285294772608, 29.980127712540728], "a8": [-12.495358151082673, 30.927096688472837]}