{"a1": [-12.479008699473713, 4.541987719757427], "h1": [12.80653603812432, 3.193028053724758], "h8": [14.36713937472299, 29.457001052499713], "a8": [-13.203247797666208, 29.6549800885281]}