{"d1": [-1.5093644750596902, 2.355033788348482, 2.9527284691907774], "d3": [-1.4080488783717329, 10.994533423138275, 0.5967201474570025], "d2": [-1.6741851420773126, 6.120615079228644, 1.5868624613772013], "e2": [1.1783534132343683, 6.235086853569276, 1.5868624613772013], "f2": [4.941040340772737, 6.967185221144347, 1.01373025299851], "c2": [-4.857077214428979, 7.0259768351419005, 1.01373025299851], "c1": [-4.539713994886013, 3.1018694304014796, 1.5541629614114463], "f1": [4.107986866907879, 3.654454955247841, 1.5541629614114463], "e1": [0.6515030345252238, 2.0861188454966912, 2.2785041471194454], "b1": [-7.917442294499052, 4.131349327951535, 0.5891919527804532], "g1": [8.064277995481069, 3.8368424736869087, 0.5891919527804532], "g2": [8.610619760405145, 6.9832940930449725, 0.5972586210779447], "b2": [-8.113699808217659, 7.554935106959232, 0.5972586210779447]}