{"d1": [-1.0973016722210436, 1.712099732564365, 1.9780639833658036, 122.65621243993235, 141.7630187995086, 39.38834923231854, 104.15136803182713, "ANGLES"], "d3": [-1.4080488783717329, 10.994533423138275, 0.5967201474570025], "d2": [-1.6125603099276027, 6.822655533396528, 0.66588721641779, 103.29803456711558, 134.28852701710272, 39.333642040636306, 84.62216905773903, "ANGLES"], "e2": [1.5504229868754782, 6.359142664481627, 1.1367031592675794, 76.29803456711555, 136.80573942260847, 39.79342258829584, 87.59916201090431, "ANGLES"], "f2": [4.8798510836728495, 6.880904426340622, 0.8655739701677163, 54.65621243993231, 127.57339541112313, 42.629113756923765, 81.2025091680469, "ANGLES"], "c2": [-4.84092621020299, 7.002613693782119, 0.5671450235983144, 124.65621243993233, 126.95897909462519, 42.03385497013802, 79.9928340647632, "ANGLES"], "c1": [-3.7263907381656205, 2.5461466359925105, 1.497856905814647, 145.65621243993232, 147.11566597366638, 37.82436456936089, 95.94003054302726, "ANGLES"], "f1": [3.5207485394945994, 3.1320491917790165, 1.3966499602752158, 41.65621243993232, 141.57280811307126, 38.908153384569246, 94.4809614976405, "ANGLES"], "e1": [0.6852449370492736, 2.2837556971576585, 2.0059110593276372, 73.29803456711555, 144.33721217907134, 39.255860249567164, 103.5930724286385, "ANGLES"], "b1": [-8.056801214823098, 3.8525178703171576, 0.5891919527804603, 154.44428823440808, 126.41964025562059, 42.34955647673214, 78.76919673235274, "ANGLES"], "g1": [8.130011901168766, 3.6955170467936247, 0.5891919527804568, 24.44428823440807, 126.41964025562058, 42.34955647673214, 78.76919673235273, "ANGLES"], "g2": [8.48743303452626, 7.132506539265753, 0.5972586210779554, 40.04237945436916, 116.94756295845679, 47.2443208062396, 74.1918837646964, "ANGLES"], "b2": [-8.030683870428733, 7.47763621278478, 0.4047487192615158, 137.04237945436915, 115.94756295845674, 47.24432080623961, 74.19188376469636, "ANGLES"], "a6": [-12.464038957404638, 23.44401998448672, 4.839598723790427, 117.99739429620772, 70.29111251698964, 103.63480469082687, 81.92591720781651, "ANGLES"], "a7": [-12.923536855644423, 26.903346113668675, 6.968953855795913, 115.65819235616578, 59.98930347200644, 123.90659998176358, 90.89590345377002, "ANGLES"], "b8": [-9.448919425991175, 31.61165671787509, 6.864285821401424, 106.64173014976818, 61.46229654455385, 119.88992961796365, 76.3522261625175, "ANGLES"], "b7": [-9.193972912631306, 27.099288292591606, 4.951059088288279, 108.74052804491191, 65.4317127976153, 110.3798261876955, 81.8115389853108, "ANGLES"], "b6": [-8.76477028590273, 23.519689568960903, 3.4706677918736055, 110.43824700952531, 75.17797162073218, 93.42046420431815, 75.59843582505033, "ANGLES"], "b3": [-8.641317786680359, 11.469137385618929, 0.39111040840317557, 126.99586667027528, 101.8341542609366, 56.95303253069614, 70.78718679163273, "ANGLES"], "c3": [-5.594099455267068, 12.388992281750445, 1.1766226654439436, 114.30097939229859, 98.1006686890261, 61.8607035451037, 78.96137223412981, "ANGLES"], "c4": [-4.797138655308432, 14.853265964218775, 0.6359285250750695, 107.89882796083305, 96.81947141805944, 61.89590622636155, 71.71537764442098, "ANGLES"], "c8": [-4.772093583175758, 30.815604353692596, 5.781385051977207, 98.80287979929903, 61.72922121493655, 117.46616018524298, 80.19538140017954, "ANGLES"], "d8": [-0.878398781068613, 30.692037673724386, 5.62292512140251, 91.63934401992773, 63.40994736350963, 114.63431579784081, 79.04426316135044, "ANGLES"], "d7": [-1.4821965379996345, 27.002365525855858, 4.466181673381463, 93.14189016059447, 70.46468229276466, 102.24173754813701, 78.70641984090167, "ANGLES"], "d6": [-1.1415986047483189, 23.28307456420902, 3.000062278914779, 92.80703657039855, 80.40950905411357, 85.78756134274403, 73.1970703968576, "ANGLES"], "d5": [-1.2570545149457748, 19.28924191626239, 2.0908504965875814, 93.72861809848571, 91.17213486905256, 71.6231329505423, 70.79526781959486, "ANGLES"], "d4": [-1.6063352606733678, 15.057187610703073, 0.7634517209434044, 96.08941325387761, 102.72056112176153, 57.410673670133605, 69.13123479189514, "ANGLES"], "e3": [1.9325289634571154, 10.637522313092338, 0.1978824178654328, 79.70331862587443, 115.11013921734167, 47.0975200718124, 74.20765928915407, "ANGLES"], "e4": [2.235752104896919, 15.004940487739091, 0.9904713188646532, 81.52521792117798, 97.72712230606805, 62.12924860307707, 73.85637090914513, "ANGLES"], "e8": [1.9880653537184174, 31.256875253635254, 6.788164622455071, 86.3606559800723, 62.264758254990376, 119.44852823070785, 81.71328648569823, "ANGLES"], "f8": [6.372996047140801, 30.498153561333286, 5.237353701416147, 78.197120200701, 60.72922121493655, 117.46616018524298, 80.19538140017954, "ANGLES"], "f7": [6.697091139543482, 26.69178127293402, 4.144228420453306, 75.91498509149959, 67.82994713363699, 104.849833982254, 79.67978111589099, "ANGLES"], "f6": [6.996311668433072, 23.222401203371813, 3.5917843364207123, 73.23379804233846, 79.71362671547395, 88.21206662788069, 72.92569334335464, "ANGLES"], "f5": [6.960848786020594, 19.060375585686796, 2.2583094260428425, 69.93780752107887, 89.20319885363654, 74.04882786132174, 70.25202671495828, "ANGLES"], "f4": [6.277571439397943, 14.526140434506008, 0.6104802632941961, 66.62808134995846, 97.07433026980095, 61.63236984944836, 70.70670011924932, "ANGLES"], "f3": [5.6868703982791935, 10.920074906664833, 0.11464903760558443, 62.49075698496014, 110.16577723806981, 50.004485811902214, 71.17026304997202, "ANGLES"], "g3": [9.843806824495626, 11.536769315257374, 0.3207657143980711, 49.52736355017461, 103.09556420541226, 55.7382872723723, 66.83385147778456, "ANGLES"], "g5": [10.290486130596856, 19.563373622846925, 3.764893706746875, 62.25528204598101, 81.02189199432578, 87.39097041328408, 79.41286240760986, "ANGLES"], "g6": [9.568953686276044, 22.244806298137977, 4.196902886051774, 66.72428105344099, 71.80856747600653, 99.72428604516347, 85.53285352117, "ANGLES"], "g7": [10.167255302563024, 25.59200760704267, 6.226259614534445, 68.33294422806776, 64.19921749539424, 115.85246199206685, 91.05167948746109, "ANGLES"], "g8": [10.799864600706384, 30.25978463517656, 7.217282275916382, 70.35826985023185, 62.46229654455385, 119.88992961796365, 79.3522261625175, "ANGLES"], "h7": [13.371686283143692, 25.57975204252296, 5.985710387180976, 62.40190852061669, 60.48951024085788, 120.42992847413024, 90.91943871498812, "ANGLES"], "h6": [14.855359487423994, 22.98918122860865, 4.903804205020563, 57.12989409454838, 72.40338480268568, 100.76030396800553, 76.16368877069121, "ANGLES"], "h5": [14.57111744915879, 19.277092800186267, 3.8975508465073787, 52.91519205681198, 80.18774975372537, 88.55635123507862, 73.74410098880399, "ANGLES"], "h4": [14.670214805190886, 15.380860324413515, 2.346077643815402, 46.35467371384312, 88.97842644247234, 74.33060989657766, 67.30903633905, "ANGLES"], "h3": [13.503179758580703, 10.878768203789111, 1.0305213957360166, 38.85647946320288, 95.52407155391315, 64.32931136515624, 68.85338291906939, "ANGLES"], "h2": [12.122046922811288, 6.8969462676764595, -0.12492039334892269, 29.638096498946823, 102.56751606776692, 54.77632250294245, 69.34383857070937, "ANGLES"], "e7": [2.0505745317133024, 27.78172232184254, 4.979767513192115, 85.7786417554128, 68.952394715443, 105.64231455850107, 79.59470927394408, "ANGLES"], "c7": [-4.932569281775623, 27.608989036435528, 5.1231923098343515, 100.12948354460504, 63.364894809171034, 113.86479836215558, 87.22969317132662, "ANGLES"], "c6": [-5.052873987101429, 23.84438147911577, 3.1704148942928825, 101.96457699783437, 78.14492935066197, 88.89022627385789, 73.03515562451986, "ANGLES"], "e5": [2.672325527064529, 19.522299188184558, 1.7674366492695235, 82.20546447450292, 90.57961551863714, 71.19552809240895, 68.77514361104609, "ANGLES"], "c5": [-5.21426286990504, 18.834971448330858, 1.900278819421196, 105.47418711642298, 88.42703934975864, 73.8360375168063, 72.26307686656494, "ANGLES"],