{"d1": [-1.0973016722210436, 1.712099732564365, 1.9780639833658036, 122.65621243993235, 141.7630187995086, 39.38834923231854, 104.15136803182713, "ANGLES"], "d3": [-1.4080488783717329, 10.994533423138275, 0.5967201474570025], "d2": [-1.6233217425846267, 5.9346647430970645, 1.368706742037542, 105.29803456711558, 137.33721217907134, 40.255860249567164, 89.5930724286385, "ANGLES"], "e2": [1.1606304121391517, 6.141308153653371, 1.4769434134377057, 79.29803456711555, 138.33721217907134, 40.255860249567164, 89.5930724286385, "ANGLES"], "f2": [4.941040340772737, 6.967185221144347, 1.01373025299851], "c2": [-4.79692774671967, 6.938967971968742, 0.8655739701677163, 124.65621243993233, 127.57339541112313, 42.629113756923765, 81.2025091680469, "ANGLES"], "c1": [-3.805108427935827, 2.599932402189476, 1.577460870583682, 145.65621243993232, 143.57280811307126, 38.908153384569246, 95.4809614976405, "ANGLES"], "f1": [3.5207485394945994, 3.1320491917790165, 1.3966499602752158, 41.65621243993232, 141.57280811307126, 38.908153384569246, 94.4809614976405, "ANGLES"], "e1": [0.6852449370492736, 2.2837556971576585, 2.0059110593276372, 73.29803456711555, 144.33721217907134, 39.255860249567164, 103.5930724286385, "ANGLES"], "b1": [-8.056801214823098, 3.8525178703171576, 0.5891919527804603, 154.44428823440808, 126.41964025562059, 42.34955647673214, 78.76919673235274, "ANGLES"], "g1": [8.130011901168766, 3.6955170467936247, 0.5891919527804568, 24.44428823440807, 126.41964025562058, 42.34955647673214, 78.76919673235273, "ANGLES"], "g2": [8.48743303452626, 7.132506539265753, 0.5972586210779554, 40.04237945436916, 116.94756295845679, 47.2443208062396, 74.1918837646964, "ANGLES"], "b2": [-8.030683870428733, 7.47763621278478, 0.4047487192615158, 137.04237945436915, 115.94756295845674, 47.24432080623961, 74.19188376469636, "ANGLES"], "h1": [12.402188837540912, 3.556270422474252, 0.5559772831636316, 16.000000000000007, 110.77427569746153, 50.93630577527549, 70.71058147273702, "ANGLES"], "a6": [-12.328219639643734, 23.188552971687148, 2.533716821010753, 117.9973942962077, 67.19885412054415, 101.08205971605871, 79.28091383660286, "ANGLES"], "a7": [-12.357646264498548, 26.91917274979182, 3.331823599864471, 114.65819235616578, 56.309122620664866, 118.96569791386845, 86.27482053453332, "ANGLES"], "a8": [-11.969216793626126, 31.180875782024767, 4.810969121467206, 111.00000000000004, 60.824882100547164, 114.69003308938285, 69.51491518993001, "ANGLES"], "b8": [-9.171798344646664, 30.6845394362257, 4.4162028214016615, 106.64173014976818, 60.57096805163416, 114.91661087873767, 74.48757893037182, "ANGLES"], "b7": [-8.602148184216912, 26.888411882280565, 3.945841181341649, 107.74052804491191, 63.431712797615305, 110.3798261876955, 82.8115389853108, "ANGLES"], "b6": [-8.741926421562576, 23.45838954850286, 3.0331544457935387, 110.43824700952531, 74.17797162073218, 93.42046420431815, 75.59843582505033, "ANGLES"], "b3": [-8.641317786680359, 11.469137385618929, 0.39111040840317557, 126.99586667027528, 101.8341542609366, 56.95303253069614, 70.78718679163273, "ANGLES"], "c3": [-5.109118943119145, 10.807946518027222, 0.36354235059662443, 115.30097939229859, 109.56604403496692, 51.10336462734752, 73.66940866231442, "ANGLES"], "c4": [-4.797138655308432, 14.853265964218775, 0.6359285250750695, 107.89882796083305, 96.81947141805944, 61.89590622636155, 71.71537764442098, "ANGLES"], "c8": [-4.7557933913413315, 30.71034651377305, 4.151067311375851, 98.80287979929903, 58.72922121493655, 117.46616018524298, 80.19538140017954, "ANGLES"], "d8": [-0.8751331689376474, 30.57793427022303, 4.017857497082154, 91.63934401992773, 60.40994736350963, 114.63431579784081, 79.04426316135044, "ANGLES"], "d7": [-1.0067938604186812, 26.919291264795465, 3.523937600498961, 92.14189016059447, 68.46468229276466, 102.24173754813701, 78.70641984090167, "ANGLES"], "d6": [-1.1340668269514564, 23.129462827723003, 2.188955202616736, 92.80703657039855, 78.40950905411357, 85.78756134274403, 73.1970703968576, "ANGLES"], "d5": [-1.264441268944941, 19.40259013081614, 1.4218173863927994, 93.72861809848571, 89.17213486905256, 71.6231329505423, 69.79526781959486, "ANGLES"], "d4": [-1.5748621874894064, 14.762170761345242, 0.7608625386020513, 96.0894132538776, 100.62117989831864, 59.07151519729093, 71.69269509560957, "ANGLES"], "e3": [1.9737841343480733, 10.864609621578488, 0.5793468619600546, 79.70331862587443, 115.87512995205947, 47.80887275501788, 74.68400270707735, "ANGLES"], "e4": [2.21103744296441, 14.839071458404561, 0.485546362425584, 81.52521792117798, 99.71342275515212, 58.98123794043259, 70.69466069558472, "ANGLES"], "e8": [2.9939519872787295, 30.320285502184287, 2.9520826627674666, 84.3606559800723, 58.409947363509595, 114.63431579784084, 79.04426316135044, "ANGLES"], "f8": [7.89087008115375, 29.859667608710673, 2.528558297247123, 75.197120200701, 55.72922121493655, 117.46616018524298, 80.19538140017954, "ANGLES"], "f7": [7.572682254674066, 26.261950245865155, 2.7079024566655576, 73.91498509149959, 64.82994713363699, 104.849833982254, 79.67978111589099, "ANGLES"], "f6": [6.910687378601457, 22.938194080325093, 1.9082536482792172, 73.23379804233846, 75.71362671547395, 88.21206662788069, 72.92569334335464, "ANGLES"], "f5": [6.899841278236964, 18.893323255195437, 1.5530293283080319, 69.93780752107887, 87.20319885363654, 74.04882786132174, 70.25202671495828, "ANGLES"], "f4": [6.277571439397942, 14.526140434506004, 0.6104802632941855, 66.62808134995846, 97.07433026980094, 61.632369849448345, 70.70670011924928, "ANGLES"], "f3": [5.6573574387747065, 10.86340336222382, 0.5459413451841364, 62.49075698496015, 110.99669719855522, 50.75875899864314, 72.75545619719837, "ANGLES"], "g3": [9.017543464927435, 10.56840311883151, 0.3794138748646141, 49.52736355017461, 102.40755884211256, 56.42014373446725, 71.82770257657981, "ANGLES"], "g5": [10.591022295197348, 18.5344116788983, 1.448809369041058, 60.25528204598101, 82.35179038394043, 79.01231236026409, 71.36410274420452, "ANGLES"], "g6": [10.991615280787038, 22.263591778096973, 2.150854067569668, 63.724281053440976, 72.32838251145509, 93.19481113611396, 75.52319364756904, "ANGLES"], "g7": [10.283524232606892, 25.884668237035438, 3.450020581722516, 68.33294422806776, 62.50994049561468, 110.2509583125586, 83.76089880817327, "ANGLES"], "g8": [10.237086115781114, 30.345756097784665, 4.4162028214016615, 71.35826985023185, 60.57096805163416, 114.91661087873767, 74.48757893037182, "ANGLES"], "h8": [14.11512832589521, 30.269990378762778, 4.810969121467206, 65.0, 60.824882100547164, 114.69003308938285, 69.51491518993001, "ANGLES"], "h7": [14.672064631274083, 25.829507810021735, 4.18013005888886, 60.40190852061668, 59.422838677914655, 116.77212111212144, 84.1949597900361, "ANGLES"], "h6": [14.453850584148885, 22.367832351113933, 3.443122337458764, 57.12989409454838, 69.40338480268568, 100.76030396800553, 78.16368877069121, "ANGLES"], "h5": [14.095487258958723, 18.647850235431136, 2.6267737207555406, 52.91519205681198, 79.01019846395101, 86.35399155852389, 73.3641900224749, "ANGLES"], "h4": [13.998785046993879, 14.676905578990922, 1.9214968349992638, 46.35467371384312, 87.97842644247234, 74.33060989657766, 70.30903633905, "ANGLES"], "h3": [13.503179758580703, 10.878768203789111, 1.0305213957360166, 38.85647946320288, 95.52407155391315, 64.32931136515624, 68.85338291906939, "ANGLES"], "h2": [12.206466970539621, 7.2298436028623, 0.3661545386638281, 30.638096498946823, 102.41500249637905, 56.41326916382864, 70.82827166020768, "ANGLES"]}