{"b8": [9.036371841009144, 4.329496830810965, 1.4318047837931438, 25.599963241627837, 123.58104162807338, 46.14627608697477, 78.72731771504816, "ANGLES"], "c8": [3.6923932845191323, 3.151368503961692, 1.500413334774585, 40.47995623570828, 137.91072741263392, 40.20420840139911, 94.11493581403303, "ANGLES"], "g8": [-7.810524945423406, 3.5759314536833933, 0.5472824183331291, 155.40003675837215, 126.58104162807338, 42.14627608697477, 79.72731771504816, "ANGLES"], "f8": [-4.29640904408419, 3.294363281110049, 2.827129333526184, 142.52004376429173, 144.91072741263395, 42.204208401399086, 96.11493581403303, "ANGLES"], "e8": [-1.100508513579025, 1.8593543481290222, 2.2604313011571797, 120.62030117097204, 131.3648139673149, 42.10624605926007, 103.47106002657495, "ANGLES"], "d8": [0.5376306368044936, 2.614428914114724, 3.3879568384954695, 78.37969882902794, 146.36481396731486, 43.10624605926007, 106.47106002657492, "ANGLES"], "c7": [4.621282802774493, 6.847279040677207, 0.9795484003232531, 55.98427488452031, 129.86190175130355, 41.98290055668275, 81.8448023079863, "ANGLES"], "f7": [-4.953476943799962, 6.5375240814129825, 0.9646359108876119, 127.15118111899356, 130.1285488332607, 41.828898063529046, 81.95744689678976, "ANGLES"], "a7": [13.403093764564659, 7.606371976748679, 1.1008245892123831, 29.575286435216476, 101.15669096416912, 59.69889515873028, 70.8555861228994, "ANGLES"], "g7": [-8.972297504569037, 7.36981396979114, 0.40074028695127595, 140.60043579767412, 114.54078652380426, 48.081941660731005, 72.62272818453525, "ANGLES"], "h7": [-12.03714885647803, 7.267965491778437, 0.1326791580109017, 148.87664736378332, 101.46153664513918, 56.416251185865605, 70.87778783100478, "ANGLES"], "e7": [-1.8218310991757978, 6.49337754580672, 1.6063704023340186, 105.67239671894816, 127.63211034851366, 44.391208009832674, 89.02331835834633, "ANGLES"], "d7": [1.4531289723426437, 7.6558155531460175, 2.3377949659647186, 79.25269460354902, 123.51702849897254, 48.446953070338814, 88.96398156931136, "ANGLES"], "b7": [8.53488793353171, 7.093263228250978, 0.42401091642730293, 39.72964426690409, 114.23159391058995, 48.30949384218662, 74.54108775277656, "ANGLES"], "h6": [-12.641092895681735, 10.846110514154265, 0.7594068961172304, 139.37026862012948, 94.4962174166413, 64.41723737005027, 70.91345478669157, "ANGLES"], "a6": [12.35574020794849, 11.361836509568384, 0.7803935888649569, 42.60037931202872, 94.09812304171618, 64.85099203423019, 70.94911507594637, "ANGLES"]}